Date,Day,Question
1/1,1,1: Amazingly few discotheques provide jukeboxes.
1/2,2,2: Blowzy night-frumps vex'd Jack Q.
1/3,3,3: Bright vixens jump; dozy fowl quack.
1/4,4,4: Crazy Fredrick bought many very exquisite opal jewels.
1/5,5,5: Cwm fjord-bank glyphs vext quiz
1/6,6,6: Few black taxis drive up major roads on quiet hazy nights.
1/7,7,7: Five quacking zephyrs jolt my wax bed.
1/8,8,8: Glib jocks quiz nymph to vex dwarf.
1/9,9,9: Heavy boxes perform quick waltzes and jigs.
1/10,10,10: How quickly daft jumping zebras vex.
1/11,11,11: How razorback-jumping frogs can level six piqued gymnasts!
1/12,12,12: Jackdaws love my big sphinx of quartz.
1/13,13,13: Jinxed wizards pluck ivy from the big quilt.
1/14,14,14: Jumping haymakers swiftly vexed Brown's lazy dog.
1/15,15,15: Pack my box with five dozen liquor jugs.
1/16,16,16: Quick brown dogs jump over the lazy fox.
1/17,17,"17: Quick zephyrs blow, vexing daft Jim."
1/18,18,"18: Sphinx of black quartz, judge my vow."
1/19,19,19: The five boxing wizards jump quickly.
1/20,20,20: The job of waxing linoleum frequently peeves chintzy kids.
1/21,21,21: The quick brown fox jumps over a lazy dog.
1/22,22,"22: Waltz, bad nymph, for quick jigs vex."
1/23,23,23: Amazingly few discotheques provide jukeboxes.
1/24,24,24: Blowzy night-frumps vex'd Jack Q.
1/25,25,25: Bright vixens jump; dozy fowl quack.
1/26,26,26: Crazy Fredrick bought many very exquisite opal jewels.
1/27,27,27: Cwm fjord-bank glyphs vext quiz
1/28,28,28: Few black taxis drive up major roads on quiet hazy nights.
1/29,29,29: Five quacking zephyrs jolt my wax bed.
1/30,30,30: Glib jocks quiz nymph to vex dwarf.
1/31,31,31: Heavy boxes perform quick waltzes and jigs.
2/1,32,32: How quickly daft jumping zebras vex.
2/2,33,33: How razorback-jumping frogs can level six piqued gymnasts!
2/3,34,34: Jackdaws love my big sphinx of quartz.
2/4,35,35: Jinxed wizards pluck ivy from the big quilt.
2/5,36,36: Jumping haymakers swiftly vexed Brown's lazy dog.
2/6,37,37: Pack my box with five dozen liquor jugs.
2/7,38,38: Quick brown dogs jump over the lazy fox.
2/8,39,"39: Quick zephyrs blow, vexing daft Jim."
2/9,40,"40: Sphinx of black quartz, judge my vow."
2/10,41,41: The five boxing wizards jump quickly.
2/11,42,42: The job of waxing linoleum frequently peeves chintzy kids.
2/12,43,43: The quick brown fox jumps over a lazy dog.
2/13,44,"44: Waltz, bad nymph, for quick jigs vex."
2/14,45,45: Amazingly few discotheques provide jukeboxes.
2/15,46,46: Blowzy night-frumps vex'd Jack Q.
2/16,47,47: Bright vixens jump; dozy fowl quack.
2/17,48,48: Crazy Fredrick bought many very exquisite opal jewels.
2/18,49,49: Cwm fjord-bank glyphs vext quiz
2/19,50,50: Few black taxis drive up major roads on quiet hazy nights.
2/20,51,51: Five quacking zephyrs jolt my wax bed.
2/21,52,52: Glib jocks quiz nymph to vex dwarf.
2/22,53,53: Heavy boxes perform quick waltzes and jigs.
2/23,54,54: How quickly daft jumping zebras vex.
2/24,55,55: How razorback-jumping frogs can level six piqued gymnasts!
2/25,56,56: Jackdaws love my big sphinx of quartz.
2/26,57,57: Jinxed wizards pluck ivy from the big quilt.
2/27,58,58: Jumping haymakers swiftly vexed Brown's lazy dog.
2/28,59,59: Pack my box with five dozen liquor jugs.
2/29,60,60: Quick brown dogs jump over the lazy fox.
3/1,61,"61: Quick zephyrs blow, vexing daft Jim."
3/2,62,"62: Sphinx of black quartz, judge my vow."
3/3,63,63: The five boxing wizards jump quickly.
3/4,64,64: The job of waxing linoleum frequently peeves chintzy kids.
3/5,65,65: The quick brown fox jumps over a lazy dog.
3/6,66,"66: Waltz, bad nymph, for quick jigs vex."
3/7,67,67: Amazingly few discotheques provide jukeboxes.
3/8,68,68: Blowzy night-frumps vex'd Jack Q.
3/9,69,69: Bright vixens jump; dozy fowl quack.
3/10,70,70: Crazy Fredrick bought many very exquisite opal jewels.
3/11,71,71: Cwm fjord-bank glyphs vext quiz
3/12,72,72: Few black taxis drive up major roads on quiet hazy nights.
3/13,73,73: Five quacking zephyrs jolt my wax bed.
3/14,74,74: Glib jocks quiz nymph to vex dwarf.
3/15,75,75: Heavy boxes perform quick waltzes and jigs.
3/16,76,76: How quickly daft jumping zebras vex.
3/17,77,77: How razorback-jumping frogs can level six piqued gymnasts!
3/18,78,78: Jackdaws love my big sphinx of quartz.
3/19,79,79: Jinxed wizards pluck ivy from the big quilt.
3/20,80,80: Jumping haymakers swiftly vexed Brown's lazy dog.
3/21,81,81: Pack my box with five dozen liquor jugs.
3/22,82,82: Quick brown dogs jump over the lazy fox.
3/23,83,"83: Quick zephyrs blow, vexing daft Jim."
3/24,84,"84: Sphinx of black quartz, judge my vow."
3/25,85,85: The five boxing wizards jump quickly.
3/26,86,86: The job of waxing linoleum frequently peeves chintzy kids.
3/27,87,87: The quick brown fox jumps over a lazy dog.
3/28,88,"88: Waltz, bad nymph, for quick jigs vex."
3/29,89,89: Amazingly few discotheques provide jukeboxes.
3/30,90,90: Blowzy night-frumps vex'd Jack Q.
3/31,91,91: Bright vixens jump; dozy fowl quack.
4/1,92,92: Crazy Fredrick bought many very exquisite opal jewels.
4/2,93,93: Cwm fjord-bank glyphs vext quiz
4/3,94,94: Few black taxis drive up major roads on quiet hazy nights.
4/4,95,95: Five quacking zephyrs jolt my wax bed.
4/5,96,96: Glib jocks quiz nymph to vex dwarf.
4/6,97,97: Heavy boxes perform quick waltzes and jigs.
4/7,98,98: How quickly daft jumping zebras vex.
4/8,99,99: How razorback-jumping frogs can level six piqued gymnasts!
4/9,100,100: Jackdaws love my big sphinx of quartz.
4/10,101,101: Jinxed wizards pluck ivy from the big quilt.
4/11,102,102: Jumping haymakers swiftly vexed Brown's lazy dog.
4/12,103,103: Pack my box with five dozen liquor jugs.
4/13,104,104: Quick brown dogs jump over the lazy fox.
4/14,105,"105: Quick zephyrs blow, vexing daft Jim."
4/15,106,"106: Sphinx of black quartz, judge my vow."
4/16,107,107: The five boxing wizards jump quickly.
4/17,108,108: The job of waxing linoleum frequently peeves chintzy kids.
4/18,109,109: The quick brown fox jumps over a lazy dog.
4/19,110,"110: Waltz, bad nymph, for quick jigs vex."
4/20,111,111: Amazingly few discotheques provide jukeboxes.
4/21,112,112: Blowzy night-frumps vex'd Jack Q.
4/22,113,113: Bright vixens jump; dozy fowl quack.
4/23,114,114: Crazy Fredrick bought many very exquisite opal jewels.
4/24,115,115: Cwm fjord-bank glyphs vext quiz
4/25,116,116: Few black taxis drive up major roads on quiet hazy nights.
4/26,117,117: Five quacking zephyrs jolt my wax bed.
4/27,118,118: Glib jocks quiz nymph to vex dwarf.
4/28,119,119: Heavy boxes perform quick waltzes and jigs.
4/29,120,120: How quickly daft jumping zebras vex.
4/30,121,121: How razorback-jumping frogs can level six piqued gymnasts!
5/1,122,122: Jackdaws love my big sphinx of quartz.
5/2,123,123: Jinxed wizards pluck ivy from the big quilt.
5/3,124,124: Jumping haymakers swiftly vexed Brown's lazy dog.
5/4,125,125: Pack my box with five dozen liquor jugs.
5/5,126,126: Quick brown dogs jump over the lazy fox.
5/6,127,"127: Quick zephyrs blow, vexing daft Jim."
5/7,128,"128: Sphinx of black quartz, judge my vow."
5/8,129,129: The five boxing wizards jump quickly.
5/9,130,130: The job of waxing linoleum frequently peeves chintzy kids.
5/10,131,131: The quick brown fox jumps over a lazy dog.
5/11,132,"132: Waltz, bad nymph, for quick jigs vex."
5/12,133,133: Amazingly few discotheques provide jukeboxes.
5/13,134,134: Blowzy night-frumps vex'd Jack Q.
5/14,135,135: Bright vixens jump; dozy fowl quack.
5/15,136,136: Crazy Fredrick bought many very exquisite opal jewels.
5/16,137,137: Cwm fjord-bank glyphs vext quiz
5/17,138,138: Few black taxis drive up major roads on quiet hazy nights.
5/18,139,139: Five quacking zephyrs jolt my wax bed.
5/19,140,140: Glib jocks quiz nymph to vex dwarf.
5/20,141,141: Heavy boxes perform quick waltzes and jigs.
5/21,142,142: How quickly daft jumping zebras vex.
5/22,143,143: How razorback-jumping frogs can level six piqued gymnasts!
5/23,144,144: Jackdaws love my big sphinx of quartz.
5/24,145,145: Jinxed wizards pluck ivy from the big quilt.
5/25,146,146: Jumping haymakers swiftly vexed Brown's lazy dog.
5/26,147,147: Pack my box with five dozen liquor jugs.
5/27,148,148: Quick brown dogs jump over the lazy fox.
5/28,149,"149: Quick zephyrs blow, vexing daft Jim."
5/29,150,"150: Sphinx of black quartz, judge my vow."
5/30,151,151: The five boxing wizards jump quickly.
5/31,152,152: The job of waxing linoleum frequently peeves chintzy kids.
6/1,153,153: The quick brown fox jumps over a lazy dog.
6/2,154,"154: Waltz, bad nymph, for quick jigs vex."
6/3,155,155: Amazingly few discotheques provide jukeboxes.
6/4,156,156: Blowzy night-frumps vex'd Jack Q.
6/5,157,157: Bright vixens jump; dozy fowl quack.
6/6,158,158: Crazy Fredrick bought many very exquisite opal jewels.
6/7,159,159: Cwm fjord-bank glyphs vext quiz
6/8,160,160: Few black taxis drive up major roads on quiet hazy nights.
6/9,161,161: Five quacking zephyrs jolt my wax bed.
6/10,162,162: Glib jocks quiz nymph to vex dwarf.
6/11,163,163: Heavy boxes perform quick waltzes and jigs.
6/12,164,164: How quickly daft jumping zebras vex.
6/13,165,165: How razorback-jumping frogs can level six piqued gymnasts!
6/14,166,166: Jackdaws love my big sphinx of quartz.
6/15,167,167: Jinxed wizards pluck ivy from the big quilt.
6/16,168,168: Jumping haymakers swiftly vexed Brown's lazy dog.
6/17,169,169: Pack my box with five dozen liquor jugs.
6/18,170,170: Quick brown dogs jump over the lazy fox.
6/19,171,"171: Quick zephyrs blow, vexing daft Jim."
6/20,172,"172: Sphinx of black quartz, judge my vow."
6/21,173,173: The five boxing wizards jump quickly.
6/22,174,174: The job of waxing linoleum frequently peeves chintzy kids.
6/23,175,175: The quick brown fox jumps over a lazy dog.
6/24,176,"176: Waltz, bad nymph, for quick jigs vex."
6/25,177,177: Amazingly few discotheques provide jukeboxes.
6/26,178,178: Blowzy night-frumps vex'd Jack Q.
6/27,179,179: Bright vixens jump; dozy fowl quack.
6/28,180,180: Crazy Fredrick bought many very exquisite opal jewels.
6/29,181,181: Cwm fjord-bank glyphs vext quiz
6/30,182,182: Few black taxis drive up major roads on quiet hazy nights.
7/1,183,183: Five quacking zephyrs jolt my wax bed.
7/2,184,184: Glib jocks quiz nymph to vex dwarf.
7/3,185,185: Heavy boxes perform quick waltzes and jigs.
7/4,186,186: How quickly daft jumping zebras vex.
7/5,187,187: How razorback-jumping frogs can level six piqued gymnasts!
7/6,188,188: Jackdaws love my big sphinx of quartz.
7/7,189,189: Jinxed wizards pluck ivy from the big quilt.
7/8,190,190: Jumping haymakers swiftly vexed Brown's lazy dog.
7/9,191,191: Pack my box with five dozen liquor jugs.
7/10,192,192: Quick brown dogs jump over the lazy fox.
7/11,193,"193: Quick zephyrs blow, vexing daft Jim."
7/12,194,"194: Sphinx of black quartz, judge my vow."
7/13,195,195: The five boxing wizards jump quickly.
7/14,196,196: The job of waxing linoleum frequently peeves chintzy kids.
7/15,197,197: The quick brown fox jumps over a lazy dog.
7/16,198,"198: Waltz, bad nymph, for quick jigs vex."
7/17,199,199: Amazingly few discotheques provide jukeboxes.
7/18,200,200: Blowzy night-frumps vex'd Jack Q.
7/19,201,201: Bright vixens jump; dozy fowl quack.
7/20,202,202: Crazy Fredrick bought many very exquisite opal jewels.
7/21,203,203: Cwm fjord-bank glyphs vext quiz
7/22,204,204: Few black taxis drive up major roads on quiet hazy nights.
7/23,205,205: Five quacking zephyrs jolt my wax bed.
7/24,206,206: Glib jocks quiz nymph to vex dwarf.
7/25,207,207: Heavy boxes perform quick waltzes and jigs.
7/26,208,208: How quickly daft jumping zebras vex.
7/27,209,209: How razorback-jumping frogs can level six piqued gymnasts!
7/28,210,210: Jackdaws love my big sphinx of quartz.
7/29,211,211: Jinxed wizards pluck ivy from the big quilt.
7/30,212,212: Jumping haymakers swiftly vexed Brown's lazy dog.
7/31,213,213: Pack my box with five dozen liquor jugs.
8/1,214,214: Quick brown dogs jump over the lazy fox.
8/2,215,"215: Quick zephyrs blow, vexing daft Jim."
8/3,216,"216: Sphinx of black quartz, judge my vow."
8/4,217,217: The five boxing wizards jump quickly.
8/5,218,218: The job of waxing linoleum frequently peeves chintzy kids.
8/6,219,219: The quick brown fox jumps over a lazy dog.
8/7,220,"220: Waltz, bad nymph, for quick jigs vex."
8/8,221,221: Amazingly few discotheques provide jukeboxes.
8/9,222,222: Blowzy night-frumps vex'd Jack Q.
8/10,223,223: Bright vixens jump; dozy fowl quack.
8/11,224,224: Crazy Fredrick bought many very exquisite opal jewels.
8/12,225,225: Cwm fjord-bank glyphs vext quiz
8/13,226,226: Few black taxis drive up major roads on quiet hazy nights.
8/14,227,227: Five quacking zephyrs jolt my wax bed.
8/15,228,228: Glib jocks quiz nymph to vex dwarf.
8/16,229,229: Heavy boxes perform quick waltzes and jigs.
8/17,230,230: How quickly daft jumping zebras vex.
8/18,231,231: How razorback-jumping frogs can level six piqued gymnasts!
8/19,232,232: Jackdaws love my big sphinx of quartz.
8/20,233,233: Jinxed wizards pluck ivy from the big quilt.
8/21,234,234: Jumping haymakers swiftly vexed Brown's lazy dog.
8/22,235,235: Pack my box with five dozen liquor jugs.
8/23,236,236: Quick brown dogs jump over the lazy fox.
8/24,237,"237: Quick zephyrs blow, vexing daft Jim."
8/25,238,"238: Sphinx of black quartz, judge my vow."
8/26,239,239: The five boxing wizards jump quickly.
8/27,240,240: The job of waxing linoleum frequently peeves chintzy kids.
8/28,241,241: The quick brown fox jumps over a lazy dog.
8/29,242,"242: Waltz, bad nymph, for quick jigs vex."
8/30,243,243: Amazingly few discotheques provide jukeboxes.
8/31,244,244: Blowzy night-frumps vex'd Jack Q.
9/1,245,245: Bright vixens jump; dozy fowl quack.
9/2,246,246: Crazy Fredrick bought many very exquisite opal jewels.
9/3,247,247: Cwm fjord-bank glyphs vext quiz
9/4,248,248: Few black taxis drive up major roads on quiet hazy nights.
9/5,249,249: Five quacking zephyrs jolt my wax bed.
9/6,250,250: Glib jocks quiz nymph to vex dwarf.
9/7,251,251: Heavy boxes perform quick waltzes and jigs.
9/8,252,252: How quickly daft jumping zebras vex.
9/9,253,253: How razorback-jumping frogs can level six piqued gymnasts!
9/10,254,254: Jackdaws love my big sphinx of quartz.
9/11,255,255: Jinxed wizards pluck ivy from the big quilt.
9/12,256,256: Jumping haymakers swiftly vexed Brown's lazy dog.
9/13,257,257: Pack my box with five dozen liquor jugs.
9/14,258,258: Quick brown dogs jump over the lazy fox.
9/15,259,"259: Quick zephyrs blow, vexing daft Jim."
9/16,260,"260: Sphinx of black quartz, judge my vow."
9/17,261,261: The five boxing wizards jump quickly.
9/18,262,262: The job of waxing linoleum frequently peeves chintzy kids.
9/19,263,263: The quick brown fox jumps over a lazy dog.
9/20,264,"264: Waltz, bad nymph, for quick jigs vex."
9/21,265,265: Amazingly few discotheques provide jukeboxes.
9/22,266,266: Blowzy night-frumps vex'd Jack Q.
9/23,267,267: Bright vixens jump; dozy fowl quack.
9/24,268,268: Crazy Fredrick bought many very exquisite opal jewels.
9/25,269,269: Cwm fjord-bank glyphs vext quiz
9/26,270,270: Few black taxis drive up major roads on quiet hazy nights.
9/27,271,271: Five quacking zephyrs jolt my wax bed.
9/28,272,272: Glib jocks quiz nymph to vex dwarf.
9/29,273,273: Heavy boxes perform quick waltzes and jigs.
9/30,274,274: How quickly daft jumping zebras vex.
10/1,275,275: How razorback-jumping frogs can level six piqued gymnasts!
10/2,276,276: Jackdaws love my big sphinx of quartz.
10/3,277,277: Jinxed wizards pluck ivy from the big quilt.
10/4,278,278: Jumping haymakers swiftly vexed Brown's lazy dog.
10/5,279,279: Pack my box with five dozen liquor jugs.
10/6,280,280: Quick brown dogs jump over the lazy fox.
10/7,281,"281: Quick zephyrs blow, vexing daft Jim."
10/8,282,"282: Sphinx of black quartz, judge my vow."
10/9,283,283: The five boxing wizards jump quickly.
10/10,284,284: The job of waxing linoleum frequently peeves chintzy kids.
10/11,285,285: The quick brown fox jumps over a lazy dog.
10/12,286,"286: Waltz, bad nymph, for quick jigs vex."
10/13,287,287: Amazingly few discotheques provide jukeboxes.
10/14,288,288: Blowzy night-frumps vex'd Jack Q.
10/15,289,289: Bright vixens jump; dozy fowl quack.
10/16,290,290: Crazy Fredrick bought many very exquisite opal jewels.
10/17,291,291: Cwm fjord-bank glyphs vext quiz
10/18,292,292: Few black taxis drive up major roads on quiet hazy nights.
10/19,293,293: Five quacking zephyrs jolt my wax bed.
10/20,294,294: Glib jocks quiz nymph to vex dwarf.
10/21,295,295: Heavy boxes perform quick waltzes and jigs.
10/22,296,296: How quickly daft jumping zebras vex.
10/23,297,297: How razorback-jumping frogs can level six piqued gymnasts!
10/24,298,298: Jackdaws love my big sphinx of quartz.
10/25,299,299: Jinxed wizards pluck ivy from the big quilt.
10/26,300,300: Jumping haymakers swiftly vexed Brown's lazy dog.
10/27,301,301: Pack my box with five dozen liquor jugs.
10/28,302,302: Quick brown dogs jump over the lazy fox.
10/29,303,"303: Quick zephyrs blow, vexing daft Jim."
10/30,304,"304: Sphinx of black quartz, judge my vow."
10/31,305,305: The five boxing wizards jump quickly.
11/1,306,306: The job of waxing linoleum frequently peeves chintzy kids.
11/2,307,307: The quick brown fox jumps over a lazy dog.
11/3,308,"308: Waltz, bad nymph, for quick jigs vex."
11/4,309,309: Amazingly few discotheques provide jukeboxes.
11/5,310,310: Blowzy night-frumps vex'd Jack Q.
11/6,311,311: Bright vixens jump; dozy fowl quack.
11/7,312,312: Crazy Fredrick bought many very exquisite opal jewels.
11/8,313,313: Cwm fjord-bank glyphs vext quiz
11/9,314,314: Few black taxis drive up major roads on quiet hazy nights.
11/10,315,315: Five quacking zephyrs jolt my wax bed.
11/11,316,316: Glib jocks quiz nymph to vex dwarf.
11/12,317,317: Heavy boxes perform quick waltzes and jigs.
11/13,318,318: How quickly daft jumping zebras vex.
11/14,319,319: How razorback-jumping frogs can level six piqued gymnasts!
11/15,320,320: Jackdaws love my big sphinx of quartz.
11/16,321,321: Jinxed wizards pluck ivy from the big quilt.
11/17,322,322: Jumping haymakers swiftly vexed Brown's lazy dog.
11/18,323,323: Pack my box with five dozen liquor jugs.
11/19,324,324: Quick brown dogs jump over the lazy fox.
11/20,325,"325: Quick zephyrs blow, vexing daft Jim."
11/21,326,"326: Sphinx of black quartz, judge my vow."
11/22,327,327: The five boxing wizards jump quickly.
11/23,328,328: The job of waxing linoleum frequently peeves chintzy kids.
11/24,329,329: The quick brown fox jumps over a lazy dog.
11/25,330,"330: Waltz, bad nymph, for quick jigs vex."
11/26,331,331: Amazingly few discotheques provide jukeboxes.
11/27,332,332: Blowzy night-frumps vex'd Jack Q.
11/28,333,333: Bright vixens jump; dozy fowl quack.
11/29,334,334: Crazy Fredrick bought many very exquisite opal jewels.
11/30,335,335: Cwm fjord-bank glyphs vext quiz
12/1,336,336: Few black taxis drive up major roads on quiet hazy nights.
12/2,337,337: Five quacking zephyrs jolt my wax bed.
12/3,338,338: Glib jocks quiz nymph to vex dwarf.
12/4,339,339: Heavy boxes perform quick waltzes and jigs.
12/5,340,340: How quickly daft jumping zebras vex.
12/6,341,341: How razorback-jumping frogs can level six piqued gymnasts!
12/7,342,342: Jackdaws love my big sphinx of quartz.
12/8,343,343: Jinxed wizards pluck ivy from the big quilt.
12/9,344,344: Jumping haymakers swiftly vexed Brown's lazy dog.
12/10,345,345: Pack my box with five dozen liquor jugs.
12/11,346,346: Quick brown dogs jump over the lazy fox.
12/12,347,"347: Quick zephyrs blow, vexing daft Jim."
12/13,348,"348: Sphinx of black quartz, judge my vow."
12/14,349,349: The five boxing wizards jump quickly.
12/15,350,350: The job of waxing linoleum frequently peeves chintzy kids.
12/16,351,351: The quick brown fox jumps over a lazy dog.
12/17,352,"352: Waltz, bad nymph, for quick jigs vex."
12/18,353,353: Amazingly few discotheques provide jukeboxes.
12/19,354,354: Blowzy night-frumps vex'd Jack Q.
12/20,355,355: Bright vixens jump; dozy fowl quack.
12/21,356,356: Crazy Fredrick bought many very exquisite opal jewels.
12/22,357,357: Cwm fjord-bank glyphs vext quiz
12/23,358,358: Few black taxis drive up major roads on quiet hazy nights.
12/24,359,359: Five quacking zephyrs jolt my wax bed.
12/25,360,360: Glib jocks quiz nymph to vex dwarf.
12/26,361,361: Heavy boxes perform quick waltzes and jigs.
12/27,362,362: How quickly daft jumping zebras vex.
12/28,363,363: How razorback-jumping frogs can level six piqued gymnasts!
12/29,364,364: Jackdaws love my big sphinx of quartz.
12/30,365,365: Jinxed wizards pluck ivy from the big quilt.
12/31,366,366: Jumping haymakers swiftly vexed Brown's lazy dog.